agent,build_ok_projects,avg_requirement_coverage,test_pass_rate,perfect_projects,perfect_project_rate,test_passed,test_total
Claude Code,61,0.3174523938506581,0.6513431706394249,5,0.08196721311475409,3443,5286
Codex,58,0.24355088792208465,0.5784907183212268,3,0.05172413793103448,2867,4956
Cursor,55,0.39768120471329027,0.7086165314623986,10,0.18181818181818182,3232,4561
Kimi,52,0.34041037362587134,0.674087266251113,6,0.11538461538461539,3028,4492
