agent,FR,CMP,MTN,PERF,PTB,RLY,SEC
Claude Code,0.3174523938506581,0.03278688524590164,0.659016393442623,0.7704918032786885,0.5437158469945356,0.7277777777777777,0.7560975609756098
Codex,0.2394229067708629,0.05084745762711865,0.7084745762711865,0.7401129943502824,0.6384180790960452,0.7183908045977011,0.8205128205128205
Cursor,0.38372747823212217,0.07017543859649122,0.6596491228070176,0.7941176470588235,0.564327485380117,0.7751479289940828,0.7875
Kimi,0.31054981453588265,0.019230769230769232,0.6653846153846154,0.8070175438596491,0.5772870662460567,0.7678571428571429,0.7808219178082192
