agent,build_ok_projects,avg_requirement_coverage,test_pass_rate,perfect_projects,perfect_project_rate,test_passed,test_total
Claude Code,61,0.3174523938506581,0.6513431706394249,5,0.08196721311475409,3443,5286
Codex,59,0.2394229067708629,0.5688492063492063,3,0.05084745762711865,2867,5040
Cursor,57,0.38372747823212217,0.6778523489932886,10,0.17543859649122806,3232,4768
Kimi,57,0.31054981453588265,0.6182115149040425,6,0.10526315789473684,3028,4898
