dimension,dimension_name,applicable,passed,failed,failure_rate
CMP,兼容性,463,83,380,0.8207343412526998
PTB,可移植/构建,1379,801,578,0.4191443074691806
MTN,可维护性,1145,771,374,0.3266375545851528
RLY,可靠性,691,516,175,0.2532561505065123
PERF,性能效率,701,545,156,0.2225392296718973
SEC,安全性,313,246,67,0.21405750798722045
